,c,h,l,o,s,t,v
0,24.4456,24.4726,24.4276,24.4626,ok,1493856000,10100
1,24.5311,24.5311,24.4211,24.5131,ok,1493942400,254300
2,24.423,24.583,24.403,24.583,ok,1494201600,13600
3,24.482,24.483,24.432,24.432,ok,1494288000,900
4,24.4623,24.5123,24.4213,24.5123,ok,1494374400,10100
5,24.4328,24.4628,24.3528,24.4628,ok,1494460800,11100
6,24.364,24.484,24.364,24.484,ok,1494547200,41500
7,24.5016,24.5216,24.4616,24.4616,ok,1494806400,1600
8,24.4525,24.5225,24.4525,24.5225,ok,1494892800,1600
9,24.0002,24.3102,23.9902,24.3102,ok,1494979200,13000
10,24.128,24.158,23.962,23.978,ok,1495065600,2800
11,24.3345,24.3845,24.2445,24.2445,ok,1495152000,5100
12,24.4682,24.4682,24.4222,24.4222,ok,1495411200,600
13,24.4623,24.4623,24.4453,24.4623,ok,1495497600,900
14,24.5508,24.6008,24.5308,24.6008,ok,1495584000,2300
15,24.6,24.7,24.6,24.61,ok,1495670400,5000
16,24.6491,24.7291,24.6391,24.7291,ok,1495756800,4000
17,24.6196,24.6586,24.6196,24.6586,ok,1496102400,4500
18,24.6393,24.6393,24.4693,24.6393,ok,1496188800,8300
19,24.8654,24.8654,24.7684,24.7754,ok,1496275200,4100
20,25.009,25.013,24.905,24.933,ok,1496361600,1500
21,25.0031,25.0531,24.9731,25.0531,ok,1496620800,45900
22,24.9343,24.9573,24.8843,24.8843,ok,1496707200,400700
23,24.8851,24.9741,24.8251,24.9741,ok,1496793600,5900
24,24.8507,24.9457,24.7857,24.9457,ok,1496880000,5800
25,24.7081,24.9061,24.7081,24.8391,ok,1496966400,2200
26,24.5931,24.6331,24.5561,24.5561,ok,1497225600,2300
27,24.8458,24.8458,24.7658,24.7858,ok,1497312000,3900
28,24.659,24.779,24.659,24.779,ok,1497398400,1300
29,24.5852,24.6202,24.5302,24.6202,ok,1497484800,8500
30,24.6059,24.6199,24.5299,24.6199,ok,1497571200,1200
31,24.9048,24.9348,24.8248,24.8248,ok,1497830400,11300
32,24.7573,24.8173,24.7573,24.8173,ok,1497916800,1800
33,24.8949,24.8949,24.8949,24.8949,ok,1498003200,7400
34,25.0129,25.0539,24.9739,25.0329,ok,1498089600,6500
35,25.0817,25.1017,25.0317,25.0617,ok,1498176000,9300
36,25.0522,25.1922,25.0522,25.1922,ok,1498435200,4800
37,24.7769,25.0469,24.7769,25.0469,ok,1498521600,7800
38,25.0306,25.0306,24.8626,24.8626,ok,1498608000,5200
39,24.7573,24.8273,24.5473,24.8073,ok,1498694400,5500
40,24.7868,24.7868,24.7628,24.7628,ok,1498780800,500
41,24.7769,24.7769,24.7769,24.7769,ok,1499040000,100
42,24.8713,24.8713,24.8453,24.8453,ok,1499212800,300
43,24.6059,24.8199,24.6059,24.6799,ok,1499299200,1500
44,24.7671,24.7671,24.6771,24.6771,ok,1499385600,7200
45,24.9048,24.9048,24.8648,24.8658,ok,1499644800,1100
46,24.8851,24.8851,24.7761,24.8151,ok,1499731200,7800
47,25.0719,25.0819,25.0679,25.0679,ok,1499817600,1700
48,25.1801,25.1801,25.0701,25.0701,ok,1499904000,9700
49,25.3275,25.3375,25.2855,25.3295,ok,1500249600,1300
50,25.3079,25.3079,25.2379,25.2379,ok,1500336000,1900
51,25.5832,25.5932,25.4832,25.4932,ok,1500422400,3400
52,25.6323,25.6423,25.6323,25.6423,ok,1500508800,1000
53,25.593,25.613,25.568,25.583,ok,1500595200,8400
54,25.6127,25.6127,25.5427,25.5427,ok,1500854400,2100
55,25.6225,25.6625,25.6085,25.6625,ok,1500940800,1300
56,25.6028,25.7328,25.5728,25.7328,ok,1501027200,2600
57,25.3865,25.5775,25.2865,25.5665,ok,1501113600,4500
58,25.3669,25.3969,25.3469,25.3469,ok,1501200000,2900
59,25.301,25.301,25.297,25.297,ok,1501459200,200
60,25.3374,25.3374,25.3374,25.3374,ok,1501545600,700
61,25.1024,25.1814,25.1024,25.1814,ok,1501632000,1000
62,25.1997,25.2597,25.1557,25.2597,ok,1501718400,1200
63,25.1889,25.1889,25.1889,25.1889,ok,1501804800,200
64,25.2489,25.2489,25.2189,25.2189,ok,1502064000,800
65,25.1014,25.3114,25.0814,25.3114,ok,1502150400,9200
66,25.0267,25.0557,25.0237,25.0557,ok,1502236800,900
67,24.6885,24.9685,24.6885,24.9685,ok,1502323200,4600
68,24.7769,24.7769,24.7769,24.7769,ok,1502409600,800
69,24.9195,24.9945,24.9195,24.9945,ok,1502755200,1200
70,25.0473,25.1123,25.0123,25.1123,ok,1502841600,3700
71,24.7081,24.9281,24.7061,24.9281,ok,1502928000,4200
72,24.6649,24.6649,24.5489,24.5489,ok,1503014400,600
73,24.9264,24.9264,24.7744,24.7744,ok,1503360000,1000
74,24.8654,24.8654,24.8204,24.8204,ok,1503446400,4300
75,24.8192,24.9162,24.8192,24.9162,ok,1503532800,300
76,24.8851,24.9151,24.8751,24.8961,ok,1503619200,80100
77,24.8753,24.8753,24.8353,24.8353,ok,1503878400,600
78,24.9244,24.9744,24.7244,24.9744,ok,1503964800,1800
79,25.1407,25.1407,24.9457,24.9457,ok,1504051200,2000
80,25.3561,25.3971,25.0271,25.0271,ok,1504137600,2300
81,25.5045,25.5345,25.3955,25.4945,ok,1504224000,23500
82,25.3669,25.5269,25.3669,25.5269,ok,1504569600,4700
83,25.4554,25.4754,25.3714,25.3714,ok,1504656000,1600
84,25.4023,25.5563,25.3803,25.5563,ok,1504742400,2300
85,25.298,25.351,25.258,25.258,ok,1504828800,4700
86,25.475,25.485,25.415,25.475,ok,1505088000,2900
87,25.5832,25.5832,25.4312,25.4932,ok,1505174400,7900
88,25.6323,25.6423,25.6123,25.6423,ok,1505260800,4400
89,25.6127,25.6927,25.5427,25.6927,ok,1505347200,9000
90,25.5763,25.5963,25.5663,25.5833,ok,1505433600,2400
91,25.593,25.723,25.579,25.723,ok,1505692800,1100
92,25.593,25.593,25.527,25.576,ok,1505779200,3400
93,25.593,25.643,25.513,25.643,ok,1505865600,6600
94,25.5144,25.5644,25.4944,25.4944,ok,1505952000,3100
95,25.475,25.495,25.458,25.495,ok,1506038400,1200
96,25.416,25.496,25.406,25.496,ok,1506297600,300
97,25.4947,25.5247,25.4677,25.5247,ok,1506384000,1000
98,25.6225,25.6725,25.5055,25.5055,ok,1506470400,4000
99,25.593,25.623,25.583,25.583,ok,1506556800,3400
100,25.7159,25.7209,25.5209,25.6609,ok,1506643200,5500
101,25.8486,25.8486,25.8206,25.8316,ok,1506902400,1200
102,25.8781,25.9381,25.8191,25.9381,ok,1506988800,5300
103,25.9332,25.9332,25.9332,25.9332,ok,1507075200,100
104,26.1239,26.1239,25.9639,26.0439,ok,1507161600,3400
105,26.0404,26.0754,26.0154,26.0754,ok,1507248000,2600
106,26.0355,26.0855,26.0355,26.0855,ok,1507507200,700
107,26.0158,26.0448,25.9858,26.0448,ok,1507593600,15300
108,26.0109,26.1059,25.9359,26.1059,ok,1507680000,202300
109,26.0453,26.0723,26.0453,26.0473,ok,1507766400,800
110,26.121,26.174,26.084,26.174,ok,1507852800,66100
111,26.0866,26.2446,26.0746,26.2346,ok,1508112000,2900
112,26.2616,26.2616,26.2056,26.2116,ok,1508198400,3000
113,26.237,26.272,26.231,26.269,ok,1508284800,3700
114,26.236,26.252,26.102,26.252,ok,1508371200,11300
115,26.3599,26.4299,26.2899,26.4299,ok,1508457600,2600
116,26.2124,26.3624,26.2124,26.3624,ok,1508716800,2500
117,26.1043,26.1443,26.0743,26.0843,ok,1508803200,7000
118,25.9656,26.0066,25.9556,25.9556,ok,1508889600,5900
119,25.9273,25.9773,25.9273,25.9333,ok,1508976000,7300
120,26.1928,26.2018,26.0528,26.0528,ok,1509062400,2500
121,26.1239,26.2139,26.1239,26.2119,ok,1509321600,6700
122,26.1534,26.1934,26.1144,26.1144,ok,1509408000,8700
123,26.2223,26.3423,26.1723,26.3423,ok,1509494400,1100
124,26.0748,26.1448,26.0398,26.1448,ok,1509580800,18100
125,26.3058,26.3108,26.2258,26.2308,ok,1509667200,12000
126,26.3845,26.3845,26.3795,26.3795,ok,1509926400,400
127,26.415,26.448,26.408,26.448,ok,1510012800,2600
128,26.473,26.498,26.398,26.428,ok,1510099200,4100
129,26.3894,26.4484,26.2944,26.4194,ok,1510185600,3300
130,26.3904,26.3904,26.3904,26.3904,ok,1510272000,300
131,26.3501,26.3901,26.3501,26.3901,ok,1510531200,3200
132,26.2321,26.2421,26.2221,26.2271,ok,1510617600,2500
133,26.1633,26.1933,26.0433,26.0433,ok,1510704000,2000
134,26.4042,26.4192,26.2992,26.2992,ok,1510790400,3100
135,26.4484,26.4684,26.4084,26.4684,ok,1510876800,2600
136,26.4091,26.5391,26.3791,26.5391,ok,1511136000,1400
137,26.6529,26.6529,26.5569,26.5849,ok,1511222400,3000
138,26.6745,26.6745,26.6145,26.6645,ok,1511308800,3200
139,26.7237,26.7237,26.6937,26.7137,ok,1511481600,117000
140,26.6745,26.6745,26.5935,26.6545,ok,1511740800,6000
141,26.8417,26.8417,26.6597,26.6617,ok,1511827200,10600
142,26.6696,26.6946,26.6046,26.6696,ok,1511913600,13800
143,26.9203,26.9203,26.7803,26.8103,ok,1512000000,4100
144,26.8269,26.9209,26.7219,26.9119,ok,1512086400,3300
145,26.8122,26.9722,26.8122,26.9722,ok,1512345600,153800
146,26.6549,26.8349,26.6449,26.7109,ok,1512432000,6500
147,26.5811,26.6261,26.5811,26.6261,ok,1512518400,1000
148,26.7316,26.7726,26.6736,26.7036,ok,1512604800,8400
149,26.9646,26.9696,26.8896,26.9306,ok,1512691200,2600
150,27.0383,27.0383,26.9833,27.0283,ok,1512950400,3300
151,27.1121,27.1571,27.0931,27.1371,ok,1513036800,121800
152,27.1268,27.1868,27.0968,27.1568,ok,1513123200,2500
153,27.058,27.133,27.058,27.133,ok,1513209600,5900
154,27.3136,27.3336,27.1536,27.2536,ok,1513296000,3400
155,27.5693,27.6093,27.4793,27.6093,ok,1513555200,11400
156,27.5496,27.8796,27.4896,27.8796,ok,1513641600,14600
157,27.5299,27.5599,27.4549,27.5299,ok,1513728000,8700
158,27.6184,27.7284,27.5234,27.5564,ok,1513814400,8700
159,27.4955,27.5155,27.4815,27.4815,ok,1513900800,2200
160,27.5182,27.5322,27.4212,27.4212,ok,1514246400,1300
161,27.5172,27.5762,27.5022,27.5472,ok,1514332800,8000
162,27.5418,27.6368,27.5268,27.6368,ok,1514419200,13700
163,27.4581,27.5581,27.4581,27.5581,ok,1514505600,6300
164,27.7153,27.7243,27.4343,27.4343,ok,1514851200,53700
165,28.0593,28.0593,27.9093,27.9093,ok,1514937600,232800
166,28.1677,28.1977,28.0757,28.1977,ok,1515024000,15300
167,28.3875,28.4045,28.2795,28.2795,ok,1515110400,4300
168,28.3944,28.4144,28.3494,28.3844,ok,1515369600,2700
169,28.4732,28.5332,28.3532,28.3532,ok,1515456000,8100
170,28.4338,28.4338,28.2988,28.3538,ok,1515542400,69800
171,28.759,28.759,28.481,28.506,ok,1515628800,5000
172,28.9956,28.9956,28.6756,28.6756,ok,1515715200,6900
173,28.8872,29.2472,28.8872,29.2472,ok,1516060800,18100
174,29.104,29.154,28.924,28.924,ok,1516147200,31000
175,29.1089,29.1789,29.0539,29.0679,ok,1516233600,27400
176,29.2075,29.2325,29.1125,29.1135,ok,1516320000,12800
177,29.5672,29.5672,29.2572,29.2572,ok,1516579200,26000
178,29.6313,29.6363,29.5463,29.5463,ok,1516665600,5300
179,29.6756,29.8756,29.5756,29.8756,ok,1516752000,12800
180,29.7476,29.8346,29.6846,29.7546,ok,1516838400,8600
181,30.129,30.129,29.894,29.929,ok,1516924800,3300
182,29.8678,30.1428,29.8678,30.1428,ok,1517184000,15800
183,29.4982,29.5382,29.3582,29.3582,ok,1517270400,23200
184,29.4972,29.7582,29.4972,29.7582,ok,1517356800,17100
185,29.5081,29.6381,29.2781,29.2781,ok,1517443200,5000
186,28.7689,29.2389,28.7689,29.2389,ok,1517529600,10200
187,27.7932,28.9162,27.7932,28.9132,ok,1517788800,7100
188,28.1874,28.3174,27.1974,27.1974,ok,1517875200,54200
189,28.0396,28.3896,28.0296,28.2596,ok,1517961600,19200
190,27.123,28.303,27.123,28.203,ok,1518048000,24700
191,27.3102,27.5302,26.3502,27.2102,ok,1518134400,58700
192,27.7439,27.7839,27.6239,27.6449,ok,1518393600,4400
193,27.8257,27.8427,27.6157,27.7067,ok,1518480000,3800
194,28.2564,28.2564,27.9064,27.9064,ok,1518566400,5700
195,28.5225,28.5225,28.2825,28.3375,ok,1518652800,9500
196,28.5225,28.6515,28.5125,28.5575,ok,1518739200,9000
197,28.4584,28.6484,28.3434,28.5334,ok,1519084800,6400
198,28.4338,28.6638,28.4338,28.6328,ok,1519171200,20700
199,28.3254,28.6154,28.3254,28.4554,ok,1519257600,13000
200,28.828,28.828,28.458,28.458,ok,1519344000,2900
201,29.035,29.115,28.91,29.115,ok,1519603200,11400
202,28.7728,29.0288,28.7728,29.0288,ok,1519689600,29600
203,28.4229,28.8289,28.4229,28.6639,ok,1519776000,2800
204,28.0888,28.1888,27.8848,28.1738,ok,1519862400,7700
205,28.2761,28.2761,27.8961,27.8961,ok,1519948800,11500
206,28.5816,28.6106,28.0716,28.0726,ok,1520208000,74500
207,28.6605,28.7005,28.4995,28.6755,ok,1520294400,10300
208,28.8132,28.8132,28.6792,28.7002,ok,1520380800,1700
209,28.9857,28.9857,28.8657,28.9557,ok,1520467200,5700
210,29.3514,29.4004,29.1604,29.1604,ok,1520553600,14400
211,29.4588,29.5088,29.4488,29.4678,ok,1520812800,1100
212,29.2321,29.6521,29.2321,29.6521,ok,1520899200,6000
213,29.2321,29.3721,29.1721,29.3721,ok,1520985600,9100
214,29.1454,29.3934,29.1454,29.3934,ok,1521072000,4900
215,29.3109,29.341,29.2789,29.341,ok,1521158400,8100
216,28.827,28.868,28.623,28.868,ok,1521417600,6600
217,28.7393,28.8593,28.7293,28.8593,ok,1521504000,5300
218,28.8773,29.0433,28.8653,29.0173,ok,1521590400,4600
219,28.2111,28.517,28.2111,28.507,ok,1521676800,4500
220,27.5074,28.0974,27.4974,28.0974,ok,1521763200,8600
221,28.1381,28.1431,27.6181,27.9981,ok,1522022400,3800
222,27.5074,28.2624,27.3974,28.1974,ok,1522108800,7200
223,27.4088,27.6288,27.3388,27.6288,ok,1522195200,3200
224,27.8917,27.9917,27.4907,27.4907,ok,1522281600,5000
225,27.1693,27.3523,27.0123,27.3123,ok,1522627200,8200
226,27.2905,27.4305,27.2305,27.2305,ok,1522713600,4300
227,27.8917,27.8917,27.1317,27.1317,ok,1522800000,2800
228,28.0553,28.1493,27.9293,28.1493,ok,1522886400,4000
229,27.4482,27.8582,27.3582,27.8582,ok,1522972800,11400
230,27.8572,27.8832,27.8572,27.8832,ok,1523232000,400
231,28.0888,28.1888,27.7938,28.1888,ok,1523318400,7700
232,27.941,28.081,27.941,28.063,ok,1523404800,2100
233,28.1923,28.2673,28.1173,28.1573,ok,1523491200,11300
234,28.0396,28.2596,28.0396,28.2596,ok,1523577600,900
235,28.3451,28.3551,28.2871,28.3551,ok,1523836800,3500
236,28.8083,28.8283,28.6283,28.6283,ok,1523923200,7200
237,28.9897,28.9897,28.7757,28.7757,ok,1524009600,7500
238,28.7787,28.8387,28.6387,28.8227,ok,1524096000,3600
239,28.5718,28.6718,28.4468,28.6718,ok,1524182400,12600
240,28.6013,28.6213,28.5513,28.6213,ok,1524441600,5700
241,28.0396,28.6406,27.8436,28.6406,ok,1524528000,66900
242,28.0494,28.0694,27.8134,27.9894,ok,1524614400,6800
243,28.5718,28.5818,28.4908,28.4908,ok,1524700800,5300
244,28.4673,28.7833,28.4503,28.7833,ok,1524787200,4800
245,28.2958,28.6558,28.2958,28.6558,ok,1525046400,2900
246,28.3057,28.3057,28.1577,28.2657,ok,1525132800,2400
247,28.1775,28.3465,28.1775,28.2575,ok,1525219200,3000
248,27.9607,27.9807,27.6407,27.6407,ok,1525305600,72400
249,28.286,28.386,28.076,28.076,ok,1525392000,216900
250,28.3845,28.4645,28.2345,28.2345,ok,1525651200,2900
251,28.3254,28.3254,28.2154,28.2154,ok,1525737600,2700
252,28.6605,28.6795,28.3405,28.3405,ok,1525824000,9700
253,28.9423,29.0063,28.7763,28.7763,ok,1525910400,4600
254,29.035,29.115,28.949,29.015,ok,1525996800,13900
255,29.0734,29.2844,29.0544,29.2244,ok,1526256000,9200
256,28.8182,28.9242,28.7982,28.7982,ok,1526342400,8600
257,29.0626,29.1346,28.9916,29.0246,ok,1526428800,38700
258,29.1434,29.2034,29.0334,29.2034,ok,1526515200,4100
259,29.1434,29.1434,29.1134,29.1334,ok,1526601600,11900
260,29.2558,29.3918,29.2418,29.3918,ok,1526860800,9200
261,29.1424,29.2834,29.1424,29.2434,ok,1526947200,11300
262,29.1237,29.1337,28.9947,29.0137,ok,1527033600,41400
263,29.1927,29.2427,29.0497,29.0727,ok,1527120000,108100
264,29.035,29.135,29.035,29.065,ok,1527206400,2500
265,28.8477,28.9877,28.6987,28.9877,ok,1527552000,5800
266,29.2025,29.2025,29.1975,29.1975,ok,1527638400,2300
267,29.0251,29.0741,28.9941,29.0331,ok,1527724800,4700
268,29.3307,29.3507,29.2007,29.2007,ok,1527811200,2200
269,29.5278,29.5278,29.4418,29.4928,ok,1528070400,142400
270,29.646,29.676,29.553,29.626,ok,1528156800,18000
271,29.8727,29.8827,29.6737,29.7027,ok,1528243200,9600
272,29.7939,30.1439,29.6439,30.1439,ok,1528329600,27800
273,29.9319,29.9319,29.7919,29.7919,ok,1528416000,20000
274,30.06,30.11,29.971,30.0,ok,1528675200,11000
275,30.1388,30.1788,30.0188,30.0188,ok,1528761600,16000
276,30.2275,30.2875,30.1775,30.2175,ok,1528848000,5700
277,30.3852,30.4052,30.2652,30.3452,ok,1528934400,34800
278,30.198,30.378,30.148,30.378,ok,1529020800,14700
279,30.2078,30.2078,30.0578,30.0578,ok,1529280000,11500
280,29.9713,30.0513,29.7933,29.9513,ok,1529366400,66300
281,30.198,30.278,30.123,30.208,ok,1529452800,41700
282,29.9319,30.2019,29.8469,30.2019,ok,1529539200,6300
283,29.9811,30.0611,29.8661,30.0611,ok,1529625600,23100
284,29.3504,29.5704,29.1604,29.5704,ok,1529884800,23900
285,29.4095,29.5005,29.3195,29.4595,ok,1529971200,17000
286,29.0646,29.6146,29.0646,29.5646,ok,1530057600,21100
287,29.2124,29.2124,28.9374,28.9374,ok,1530144000,2700
288,29.3405,29.4705,29.3405,29.4405,ok,1530230400,20900
289,29.3553,29.3753,29.1903,29.2103,ok,1530489600,4900
290,29.4292,29.6892,29.4292,29.6892,ok,1530576000,16800
291,29.6017,29.6017,29.3767,29.5767,ok,1530748800,35800
292,30.1083,30.1083,29.9193,29.9293,ok,1530835200,31700
293,30.2482,30.2672,30.1242,30.1622,ok,1531094400,6600
294,30.3064,30.4164,30.2854,30.4164,ok,1531180800,12300
295,30.2078,30.3228,30.1178,30.3228,ok,1531267200,16900
296,30.5823,30.5923,30.3423,30.3423,ok,1531353600,16700
297,30.5725,30.6625,30.5225,30.5225,ok,1531440000,14400
298,30.4582,30.5642,30.4242,30.5542,ok,1531699200,10000
299,30.6021,30.6021,30.3911,30.4121,ok,1531785600,9200
300,30.6316,30.7156,30.4716,30.5526,ok,1531872000,16400
301,30.5331,30.6531,30.5231,30.6381,ok,1531958400,14900
302,30.5331,30.6631,30.5331,30.6631,ok,1532044800,9100
303,30.5104,30.6434,30.4274,30.6434,ok,1532304000,8900
304,30.5823,30.8923,30.5073,30.8923,ok,1532390400,20200
305,30.9618,30.9968,30.6368,30.7008,ok,1532476800,22800
306,30.8524,30.9564,30.7584,30.7584,ok,1532563200,7500
307,30.4542,30.7122,30.4532,30.6512,ok,1532649600,11300
308,30.06,30.269,30.06,30.269,ok,1532908800,9700
309,30.198,30.348,30.118,30.198,ok,1532995200,20600
310,30.1546,30.2286,30.0586,30.2286,ok,1533081600,7700
311,30.3754,30.4314,29.9754,30.0154,ok,1533168000,19600
312,30.3951,30.4311,30.0151,30.0151,ok,1533254400,12600
313,30.5133,30.5783,30.3133,30.3133,ok,1533513600,4700
314,30.6612,30.6812,30.6152,30.6262,ok,1533600000,5700
315,30.6218,30.6668,30.5578,30.5908,ok,1533686400,40800
316,30.5863,30.7523,30.5863,30.7123,ok,1533772800,11200
317,30.3369,30.5859,30.3299,30.5859,ok,1533859200,8100
318,30.2955,30.5555,30.2855,30.4735,ok,1534118400,18100
319,30.5725,30.5825,30.5125,30.5425,ok,1534204800,73700
320,30.0689,30.4799,29.9599,30.4799,ok,1534291200,73400
321,30.2472,30.3772,30.2472,30.3372,ok,1534377600,7500
322,30.3359,30.3469,30.2359,30.2559,ok,1534464000,3500
323,30.4729,30.4729,30.3889,30.4539,ok,1534723200,12300
324,30.5626,30.6926,30.4726,30.5546,ok,1534809600,167800
325,30.6415,30.6455,30.4925,30.6015,ok,1534896000,6700
326,30.4966,30.7036,30.4546,30.7036,ok,1534982400,17400
327,30.7992,30.9092,30.7092,30.7092,ok,1535068800,9700
328,31.0554,31.1154,31.0494,31.0954,ok,1535328000,4500
329,31.082,31.225,31.035,31.225,ok,1535414400,10700
330,31.3491,31.3901,31.2711,31.2711,ok,1535500800,4900
331,31.1737,31.3137,31.1437,31.2637,ok,1535587200,5700
332,31.1343,31.2533,31.0913,31.2043,ok,1535673600,21100
333,30.9864,31.1114,30.8864,31.0364,ok,1536019200,13400
334,30.7499,31.0899,30.6699,31.0899,ok,1536105600,5800
335,30.5922,30.6892,30.4572,30.6892,ok,1536192000,7400
336,30.5528,30.7238,30.4928,30.6528,ok,1536278400,14600
337,30.6661,30.7411,30.5961,30.6441,ok,1536537600,6100
338,30.6316,30.7516,30.4516,30.4516,ok,1536624000,4500
339,30.7105,30.7455,30.6405,30.7285,ok,1536710400,1700
340,30.8455,30.9585,30.8085,30.9585,ok,1536796800,5800
341,30.9174,30.9854,30.8174,30.9854,ok,1536883200,3200
342,30.4739,30.7739,30.4739,30.7639,ok,1537142400,3700
343,30.7006,30.8506,30.7006,30.7306,ok,1537228800,2700
344,30.7597,30.8197,30.7097,30.7297,ok,1537315200,6600
345,30.9766,31.1056,30.9166,30.9266,ok,1537401600,19100
346,30.8879,31.1379,30.8879,31.1379,ok,1537488000,28000
347,30.809,30.877,30.689,30.799,ok,1537747200,16800
348,30.9194,31.0174,30.8574,31.0174,ok,1537833600,20300
349,30.8169,31.0789,30.8169,31.0019,ok,1537920000,5400
350,30.9401,31.0871,30.9051,30.9051,ok,1538006400,11200
351,30.947,31.036,30.947,30.997,ok,1538092800,12500
352,30.9864,31.1964,30.9864,31.1764,ok,1538352000,84600
353,30.9509,31.0949,30.8539,31.0059,ok,1538438400,21300
354,31.016,31.188,31.016,31.022,ok,1538524800,8700
355,30.5666,30.7926,30.4526,30.7826,ok,1538611200,11300
356,30.3931,30.7251,30.1551,30.7251,ok,1538697600,2900
357,30.2177,30.3977,29.9877,30.3977,ok,1538956800,20900
358,30.1783,30.3183,30.1283,30.2683,ok,1539043200,9000
359,29.0843,30.1843,29.0843,30.1843,ok,1539129600,13700
360,28.6309,29.1019,28.4829,29.0109,ok,1539216000,20700
361,29.1503,29.2733,28.7633,29.2733,ok,1539302400,12100
362,29.1138,29.2438,28.9688,29.1038,ok,1539561600,13200
363,29.7742,29.7742,29.2832,29.3542,ok,1539648000,14400
364,29.715,29.775,29.435,29.775,ok,1539734400,9500
365,29.1927,29.7127,29.0427,29.6327,ok,1539820800,6800
366,29.0646,29.4376,29.0446,29.4376,ok,1539907200,4400
367,29.0843,29.1743,28.8843,29.1743,ok,1540166400,6000
368,28.8625,28.9775,28.3775,28.6875,ok,1540252800,10200
369,27.7045,28.8845,27.6245,28.8445,ok,1540339200,21100
370,28.4338,28.5108,28.2488,28.3538,ok,1540425600,10000
371,27.8523,28.2273,27.5423,27.9023,ok,1540512000,15400
372,27.6848,28.5348,27.2778,28.5348,ok,1540771200,20900
373,27.941,27.941,27.601,27.741,ok,1540857600,15600
374,28.4732,28.7032,28.3562,28.5062,ok,1540944000,20500
375,28.9266,28.9266,28.4866,28.6166,ok,1541030400,11800
376,28.7334,29.1184,28.5224,29.0494,ok,1541116800,6900
377,28.7935,28.8085,28.5985,28.8085,ok,1541376000,6000
378,28.9266,29.0166,28.8286,28.8966,ok,1541462400,13700
379,29.7052,29.7152,29.3452,29.3452,ok,1541548800,15500
380,29.5081,29.7581,29.5081,29.7581,ok,1541635200,11500
381,29.3208,29.5508,29.0508,29.5508,ok,1541721600,51800
382,28.6112,29.0612,28.6112,29.0512,ok,1541980800,20400
383,28.5619,28.9119,28.5619,28.7719,ok,1542067200,4900
384,28.4663,28.8463,28.3653,28.8463,ok,1542153600,11400
385,28.828,28.838,28.368,28.368,ok,1542240000,7600
386,28.8773,28.8773,28.7073,28.7273,ok,1542326400,17100
387,28.1194,28.8884,28.1194,28.8884,ok,1542585600,10700
388,27.6059,27.8959,27.4259,27.8859,ok,1542672000,38300
389,27.9804,28.1054,27.8904,27.8904,ok,1542758400,29200
390,27.8622,27.9522,27.8472,27.8472,ok,1542931200,2400
391,28.2367,28.2367,28.0697,28.2067,ok,1543190400,6000
392,28.2791,28.4261,28.1381,28.1381,ok,1543276800,284000
393,29.036,29.055,28.385,28.385,ok,1543363200,26800
394,29.104,29.174,28.866,28.874,ok,1543449600,21100
395,29.2617,29.2617,28.9727,28.9837,ok,1543536000,57800
396,29.5475,29.6675,29.4075,29.6175,ok,1543795200,11900
397,28.6309,29.6009,28.6209,29.4409,ok,1543881600,93100
398,28.349,28.465,27.805,28.215,ok,1544054400,24900
399,27.9834,28.7804,27.9404,28.7804,ok,1544140800,9200
400,28.1766,28.1766,27.5876,27.9876,ok,1544400000,6400
401,28.2268,28.5568,28.0168,28.5368,ok,1544486400,49200
402,28.621,28.821,28.504,28.504,ok,1544572800,13000
403,28.3057,28.7257,28.2457,28.7257,ok,1544659200,15000
404,27.7735,28.1465,27.7035,28.0655,ok,1544745600,85700
405,27.1151,27.8531,27.1151,27.8331,ok,1545004800,13900
406,27.2215,27.4815,27.0175,27.4815,ok,1545091200,16300
407,26.6696,27.5626,26.5396,27.2296,ok,1545177600,26600
408,26.1768,26.6568,25.8868,26.5478,ok,1545264000,83100
409,25.4179,26.3949,25.4179,26.1579,ok,1545350400,54800
410,25.0375,25.5435,25.0375,25.1635,ok,1545609600,15700
411,25.7673,25.8103,24.9563,25.2103,ok,1545782400,33200
412,26.3553,27.5353,24.1353,25.6953,ok,1545868800,74600
413,26.3612,26.7452,26.2252,26.6652,ok,1545955200,71400
414,26.5319,26.6819,26.3709,26.6219,ok,1546214400,103100
415,26.5716,26.6816,26.4216,26.4316,ok,1546387200,2600
416,26.1845,26.5445,26.1245,26.3345,ok,1546473600,8700
417,26.9885,27.1585,26.5985,26.5985,ok,1546560000,5200
418,27.4551,27.5331,27.1451,27.1451,ok,1546819200,17100
419,27.733,27.733,27.463,27.696,ok,1546905600,8500
420,27.9613,28.0363,27.8093,27.8913,ok,1546992000,7500
421,28.13,28.13,27.69,27.69,ok,1547078400,23900
422,28.1598,28.1598,27.8758,27.8758,ok,1547164800,8500
423,28.001,28.051,27.912,27.971,ok,1547424000,6200
424,28.3484,28.3584,28.1584,28.2564,ok,1547510400,9800
425,28.3484,28.4484,28.3274,28.4384,ok,1547596800,11400
426,28.5261,28.5261,28.3071,28.3071,ok,1547683200,4800
427,28.9439,28.9539,28.6289,28.8539,ok,1547769600,8700
428,28.4377,28.6977,28.3277,28.6677,ok,1548115200,19600
429,28.5171,28.7271,28.2581,28.7271,ok,1548201600,9800
430,28.4774,28.4774,28.3084,28.4774,ok,1548288000,8400
431,28.7653,28.8553,28.7653,28.8053,ok,1548374400,6700
432,28.5271,28.6571,28.3871,28.6571,ok,1548633600,12200
433,28.4149,28.5479,28.3909,28.5479,ok,1548720000,6000
434,28.805,28.806,28.438,28.655,ok,1548806400,20900
435,29.1722,29.1722,28.9522,28.9522,ok,1548892800,12900
436,29.2119,29.2519,29.1209,29.2019,ok,1548979200,16500
437,29.3807,29.3807,29.2397,29.2607,ok,1549238400,70900
438,29.5395,29.5795,29.4335,29.5495,ok,1549324800,6100
439,29.47,29.5,29.33,29.48,ok,1549411200,9400
440,28.9737,29.2267,28.8437,29.1637,ok,1549497600,24300
441,29.0035,29.0435,28.7335,28.8235,ok,1549584000,55700
442,29.0233,29.0633,28.9893,29.0073,ok,1549843200,3600
443,29.3906,29.4606,29.2976,29.3606,ok,1549929600,25600
444,29.5196,29.6796,29.5196,29.6796,ok,1550016000,13200
445,29.5196,29.6596,29.3596,29.3596,ok,1550102400,19100
446,29.7777,29.7877,29.6777,29.6777,ok,1550188800,11300
447,29.8889,29.9469,29.8269,29.8269,ok,1550534400,4500
448,29.8472,29.9642,29.8172,29.8672,ok,1550620800,9000
449,29.6487,29.8887,29.5587,29.8887,ok,1550707200,10000
450,29.8869,29.9369,29.7569,29.7569,ok,1550793600,9000
451,30.0388,30.2158,30.0258,30.2158,ok,1551052800,31800
452,30.0417,30.1157,29.8657,29.8657,ok,1551139200,8200
453,29.9961,30.0211,29.7961,30.0161,ok,1551225600,19400
454,29.878,29.957,29.837,29.887,ok,1551312000,7400
455,30.1251,30.1251,29.9141,30.0991,ok,1551398400,8000
456,29.8571,30.3371,29.5851,30.3371,ok,1551657600,19800
457,29.867,29.947,29.777,29.777,ok,1551744000,11200
458,29.6487,29.7787,29.5407,29.7687,ok,1551830400,6700
459,29.335,29.484,29.266,29.484,ok,1551916800,13900
460,29.1236,29.1826,29.0426,29.0926,ok,1552003200,6100
461,29.7946,29.8076,29.2476,29.2476,ok,1552262400,16200
462,29.8968,30.0268,29.8668,29.9668,ok,1552348800,28300
463,30.2145,30.2945,30.1645,30.2635,ok,1552435200,5500
464,30.1946,30.2446,30.1246,30.1996,ok,1552521600,14000
465,30.3236,30.3726,30.2336,30.3536,ok,1552608000,53600
466,30.4259,30.4909,30.3229,30.4429,ok,1552867200,14800
467,30.4795,30.7075,30.4325,30.5625,ok,1552953600,2500
468,30.4825,30.6095,30.3175,30.4325,ok,1553040000,19600
469,30.5777,30.5777,30.1217,30.2517,ok,1553126400,6800
470,29.867,30.326,29.867,30.297,ok,1553212800,11300
471,29.7678,29.9178,29.5978,29.9178,ok,1553472000,11500
472,29.9862,30.2162,29.8962,30.1262,ok,1553558400,21800
473,29.8522,30.1472,29.6732,30.1352,ok,1553644800,13800
474,29.9762,30.0362,29.7362,29.9962,ok,1553731200,18200
475,30.1946,30.2396,30.0456,30.1296,ok,1553817600,9000
476,30.6313,30.6313,30.4313,30.6113,ok,1554076800,22100
477,30.6214,30.6314,30.5214,30.6314,ok,1554163200,52000
478,30.7673,30.9003,30.7203,30.7303,ok,1554249600,8000
479,30.811,30.889,30.672,30.889,ok,1554336000,8800
480,31.0482,31.0482,30.9312,30.9982,ok,1554422400,6800
481,31.0194,31.0584,30.9484,31.0084,ok,1554681600,8500
482,30.8795,31.0795,30.8795,31.0795,ok,1554768000,25500
483,31.0671,31.0671,30.9401,30.9681,ok,1554854400,16400
484,30.9291,31.0391,30.8841,31.0191,ok,1554940800,15800
485,31.1773,31.3773,31.1173,31.3773,ok,1555027200,17300
486,31.1961,31.2371,31.1641,31.2171,ok,1555286400,4000
487,31.2418,31.3468,31.2168,31.3468,ok,1555372800,6900
488,31.1237,31.3577,31.0187,31.3577,ok,1555459200,15300
489,31.1971,31.1971,30.9951,31.0671,ok,1555545600,5900
490,31.2319,31.2569,31.1379,31.2169,ok,1555891200,8500
491,31.6815,31.7335,31.4355,31.4635,ok,1555977600,6100
492,31.6716,31.8136,31.6236,31.8136,ok,1556064000,15700
493,31.7033,31.7833,31.5833,31.5833,ok,1556150400,13300
494,31.882,31.882,31.692,31.699,ok,1556236800,10000
495,31.9823,32.0113,31.9213,31.9213,ok,1556496000,5800
496,31.883,31.922,31.704,31.862,ok,1556582400,6300
497,31.7629,32.1529,31.7629,32.1529,ok,1556668800,20600
498,31.5247,31.7337,31.3947,31.6227,ok,1556755200,10900
499,31.9118,31.9718,31.7618,31.7818,ok,1556841600,19300
500,31.8622,31.8712,31.4212,31.4212,ok,1557100800,20100
501,31.2467,31.6247,31.1667,31.6247,ok,1557187200,19500
502,31.3162,31.4462,31.2462,31.3352,ok,1557273600,8400
503,31.1673,31.2173,30.7673,31.1473,ok,1557360000,20900
504,31.2467,31.2467,30.7617,30.9467,ok,1557446400,11000
505,30.3236,30.5346,30.2736,30.4536,ok,1557705600,13500
506,30.6115,30.8715,30.5715,30.6215,ok,1557792000,7700
507,30.949,30.999,30.549,30.549,ok,1557878400,8500
508,31.1872,31.3692,31.0872,31.0872,ok,1557964800,138900
509,31.0046,31.2286,30.8736,31.0686,ok,1558051200,9100
510,30.6373,30.8413,30.5713,30.8113,ok,1558310400,5900
511,31.0085,31.0785,30.9635,30.9985,ok,1558396800,6400
512,30.9986,31.0586,30.9186,31.0186,ok,1558483200,12300
513,30.4527,30.6177,30.3627,30.6177,ok,1558569600,58400
514,30.4725,30.7125,30.3925,30.7125,ok,1558656000,6500
515,30.2939,30.5339,30.2929,30.5239,ok,1559001600,12900
516,30.004,30.116,29.86,29.996,ok,1559088000,5700
517,29.9286,30.1466,29.9286,29.9366,ok,1559174400,7000
518,29.6586,29.7216,29.5486,29.5586,ok,1559260800,9300
519,29.2219,29.5519,29.1219,29.5019,ok,1559520000,34900
520,29.9544,29.9564,29.4364,29.4364,ok,1559606400,12000
521,29.9961,30.0651,29.7661,29.9661,ok,1559692800,28300
522,30.1559,30.2169,30.0019,30.2049,ok,1559779200,119500
523,30.542,30.605,30.182,30.182,ok,1559865600,13300
524,30.7713,30.9153,30.7223,30.7503,ok,1560124800,9700
525,30.7207,30.9807,30.7037,30.9107,ok,1560211200,20800
526,30.6909,30.7709,30.5889,30.7709,ok,1560297600,7200
527,30.7008,30.8068,30.6708,30.6708,ok,1560384000,40600
528,30.6512,30.8212,30.5562,30.8212,ok,1560470400,52200
529,30.6611,30.8011,30.6611,30.7211,ok,1560729600,6300
530,31.1376,31.2576,30.8776,30.8776,ok,1560816000,50000
531,31.3262,31.3262,31.0862,31.1162,ok,1560902400,30900
532,31.6636,31.6636,31.4866,31.6426,ok,1560988800,64200
533,31.5942,31.6862,31.4442,31.4442,ok,1561075200,17400
534,31.4899,31.5649,31.4249,31.5649,ok,1561334400,16400
535,31.2964,31.7064,31.2144,31.7064,ok,1561420800,16400
536,31.3361,31.4361,31.3161,31.4361,ok,1561507200,24700
537,31.476,31.55,31.405,31.464,ok,1561593600,15700
538,31.4651,31.5451,31.3781,31.4271,ok,1561680000,21200
539,31.6736,31.8686,31.6736,31.8626,ok,1561939200,29200
540,31.8324,31.9124,31.7734,31.9124,ok,1562025600,42700
541,32.0408,32.0598,31.9278,32.0108,ok,1562112000,8800
542,32.021,32.041,31.866,32.041,ok,1562284800,2200
543,31.8324,31.9824,31.7724,31.9824,ok,1562544000,84200
544,31.9872,31.9872,31.7712,31.7712,ok,1562630400,11300
545,32.0954,32.1994,31.9424,32.0104,ok,1562716800,14100
546,32.2493,32.2683,32.1193,32.1583,ok,1562803200,18300
547,32.4875,32.4875,32.2775,32.3025,ok,1562889600,19200
548,32.4776,32.5376,32.4456,32.4726,ok,1563148800,12300
549,32.418,32.544,32.378,32.518,ok,1563235200,31000
550,32.2393,32.4493,32.2393,32.4493,ok,1563321600,13700
551,32.2195,32.2795,32.1495,32.1825,ok,1563408000,17200
552,32.0805,32.3975,32.0805,32.3975,ok,1563494400,9300
553,32.2096,32.3296,32.1996,32.3296,ok,1563753600,5800
554,32.3882,32.4582,32.2312,32.4482,ok,1563840000,35900
555,32.5967,32.6567,32.4167,32.4167,ok,1563926400,96500
556,32.3485,32.5085,32.3485,32.3915,ok,1564012800,10100
557,32.7654,32.7654,32.5464,32.5924,ok,1564099200,48600
558,32.554,32.717,32.462,32.717,ok,1564358400,5200
559,32.5272,32.6272,32.3872,32.3872,ok,1564444800,4800
560,32.2195,32.5495,31.9595,32.4935,ok,1564531200,17500
561,32.1004,32.6304,31.9604,32.3824,ok,1564617600,39800
562,31.5981,31.9041,31.4641,31.9041,ok,1564704000,7300
563,30.7703,31.0403,30.5193,31.0403,ok,1564963200,17700
564,31.1038,31.1038,30.8028,30.9578,ok,1565049600,71400
565,31.1366,31.1526,30.6176,30.6176,ok,1565136000,11400
566,31.7629,31.7629,31.3169,31.3329,ok,1565222400,8900
567,31.6636,31.6636,31.3396,31.6336,ok,1565308800,21200
568,31.1872,31.3182,31.0672,31.3182,ok,1565568000,20600
569,31.6239,31.7529,31.1339,31.1339,ok,1565654400,23200
570,30.7902,31.3102,30.7602,31.3102,ok,1565740800,63400
571,30.8497,30.8597,30.5657,30.8597,ok,1565827200,32900
572,31.2964,31.3144,31.0464,31.0784,ok,1565913600,124200
573,31.5743,31.6443,31.4443,31.5563,ok,1566172800,99400
574,31.348,31.536,31.348,31.356,ok,1566259200,7600
575,31.6041,31.6691,31.5841,31.6691,ok,1566345600,12600
576,31.4651,31.5351,31.2871,31.5351,ok,1566432000,35200
577,30.6512,31.3812,30.5452,31.1012,ok,1566518400,17800
578,30.8497,30.8997,30.6597,30.6597,ok,1566777600,24000
579,30.7207,30.9707,30.6807,30.9007,ok,1566864000,18700
580,30.8596,30.8596,30.4896,30.4896,ok,1566950400,17200
581,31.2229,31.3429,30.9769,30.9769,ok,1567036800,4000
582,31.3162,31.5362,31.2062,31.5362,ok,1567123200,5300
583,30.9787,31.1687,30.8197,31.1487,ok,1567468800,15100
584,31.2964,31.3264,31.1274,31.3264,ok,1567555200,7100
585,31.8522,31.9322,31.5622,31.5622,ok,1567641600,23000
586,31.9674,31.9914,31.8534,31.8534,ok,1567728000,7400
587,31.8413,31.9833,31.7473,31.9673,ok,1567987200,11100
588,31.7927,31.8027,31.6017,31.7227,ok,1568073600,9000
589,32.0587,32.0937,31.9207,31.9907,ok,1568160000,7700
590,32.2294,32.3434,32.1494,32.1494,ok,1568246400,11400
591,32.1996,32.2496,32.1596,32.1916,ok,1568332800,29000
592,32.1431,32.1701,32.0601,32.1701,ok,1568592000,7600
593,32.1818,32.2198,32.0658,32.2198,ok,1568678400,3600
594,32.0746,32.1106,31.8306,32.1106,ok,1568764800,7500
595,32.0289,32.2779,32.0289,32.2389,ok,1568851200,4500
596,31.9862,32.1992,31.9832,32.1992,ok,1568937600,19100
597,31.9515,32.0045,31.8835,31.9185,ok,1569196800,15200
598,31.4056,32.0246,31.4056,31.9456,ok,1569283200,6800
599,31.6388,31.6778,31.3338,31.3388,ok,1569369600,6600
600,31.485,31.585,31.342,31.45,ok,1569456000,4300
601,31.2964,31.5844,31.1564,31.5664,ok,1569542400,8600
602,31.4254,31.5204,31.3454,31.3454,ok,1569801600,4200
603,31.1376,31.6976,31.0976,31.6676,ok,1569888000,11200
604,30.6313,31.0413,30.4913,31.0413,ok,1569974400,18500
605,30.9787,30.9787,30.3687,30.6388,ok,1570060800,18200
606,31.3262,31.3262,31.0562,31.1032,ok,1570147200,11200
607,31.3063,31.4153,31.2243,31.2243,ok,1570406400,9100
608,30.7822,30.9202,30.7012,30.8502,ok,1570492800,4700
609,30.9986,31.0966,30.8796,30.8796,ok,1570579200,14000
610,31.1276,31.2576,31.0176,31.0176,ok,1570665600,2900
611,31.6339,31.8019,31.6339,31.6539,ok,1570752000,3200
612,31.5346,31.5946,31.5096,31.5316,ok,1571011200,7600
613,31.9614,32.0254,31.7514,31.7614,ok,1571097600,9300
614,31.8622,31.8852,31.7902,31.7902,ok,1571184000,14000
615,31.8324,32.0244,31.8324,32.0024,ok,1571270400,16300
616,31.7331,31.9031,31.6831,31.9031,ok,1571356800,6300
617,31.9009,31.9519,31.8439,31.8439,ok,1571616000,12200
618,32.021,32.201,32.018,32.181,ok,1571702400,12100
619,32.0507,32.0847,31.9787,32.0377,ok,1571788800,6800
620,32.0607,32.0607,31.9207,31.9477,ok,1571875200,10400
621,32.1996,32.2096,32.0896,32.1896,ok,1571961600,10300
622,32.3584,32.4284,32.3284,32.3784,ok,1572220800,5200
623,32.3287,32.3967,32.2287,32.2987,ok,1572307200,10000
624,32.3187,32.3827,32.1987,32.2087,ok,1572393600,7800
625,32.1877,32.4297,32.0197,32.4297,ok,1572480000,7800
626,32.4279,32.4819,32.4279,32.4819,ok,1572566400,1800
627,32.6106,32.6106,32.5666,32.6016,ok,1572825600,3500
628,32.4776,32.6676,32.4776,32.6676,ok,1572912000,18300
629,32.547,32.547,32.387,32.497,ok,1572998400,4500
630,32.5967,32.8167,32.5897,32.7467,ok,1573084800,6300
631,32.7853,32.7853,32.6753,32.6953,ok,1573171200,4200
632,32.6959,32.7569,32.6909,32.7569,ok,1573430400,6900
633,32.7952,32.9252,32.7152,32.8052,ok,1573516800,8300
634,32.7604,32.8644,32.7154,32.8644,ok,1573603200,4600
635,32.7853,32.7853,32.6353,32.7153,ok,1573689600,8800
636,33.086,33.086,32.823,32.823,ok,1573776000,1900
637,33.1585,33.2215,33.0675,33.1325,ok,1574035200,6500
638,33.2736,33.3176,33.1616,33.2316,ok,1574121600,5300
639,33.1088,33.3028,32.9729,33.1028,ok,1574208000,15400
640,33.1237,33.1827,33.0727,33.1497,ok,1574294400,9200
641,33.3223,33.3343,33.1773,33.2813,ok,1574380800,25700
642,33.6101,33.6291,33.5391,33.5391,ok,1574640000,3800
643,33.624,33.706,33.569,33.569,ok,1574726400,10600
644,33.8622,33.8772,33.6962,33.6962,ok,1574812800,4500
645,33.7322,33.8352,33.7322,33.8282,ok,1574985600,5000
646,33.3451,33.6311,33.2521,33.6311,ok,1575244800,71900
647,33.0731,33.0731,32.8931,32.8931,ok,1575331200,13200
648,33.2696,33.3616,33.2416,33.2816,ok,1575417600,25400
649,33.2935,33.4215,33.1615,33.4215,ok,1575504000,11900
650,33.4503,33.6153,33.4503,33.5783,ok,1575590400,4900
651,33.4334,33.5204,33.4334,33.4904,ok,1575849600,5000
652,33.3729,33.5609,33.3309,33.5209,ok,1575936000,5300
653,33.5108,33.5148,33.4048,33.5148,ok,1576022400,15600
654,33.7977,33.8967,33.4087,33.4477,ok,1576108800,10000
655,33.7927,34.0327,33.5477,33.5477,ok,1576195200,6600
656,34.1203,34.1953,34.0813,34.0813,ok,1576454400,11800
657,34.0707,34.2757,34.0257,34.2757,ok,1576540800,6700
658,34.1253,34.2053,34.0913,34.2053,ok,1576627200,6800
659,34.2612,34.2942,34.2132,34.2132,ok,1576713600,5700
660,34.4498,34.4728,34.2928,34.3128,ok,1576800000,7100
661,34.5173,34.6323,34.4923,34.6323,ok,1577059200,2900
662,34.562,34.672,34.562,34.672,ok,1577145600,33000
663,34.671,34.71,34.612,34.71,ok,1577318400,4900
664,34.665,34.89,34.661,34.89,ok,1577404800,5600
665,34.417,34.62,34.35,34.62,ok,1577664000,12600
666,34.45,34.49,34.3,34.3,ok,1577750400,4900
667,34.832,34.832,34.6,34.6,ok,1577923200,4200
668,34.639,34.748,34.35,34.35,ok,1578009600,5600
669,34.75,34.76,34.55,34.559,ok,1578268800,29300
670,34.89,34.95,34.84,34.884,ok,1578355200,3700
671,35.094,35.26,34.77,34.77,ok,1578441600,35900
672,35.308,35.334,35.18,35.3,ok,1578528000,5900
673,35.235,35.53,35.204,35.53,ok,1578614400,11000
674,35.441,35.5,35.35,35.35,ok,1578873600,14000
675,35.436,35.59,35.36,35.42,ok,1578960000,12100
676,35.517,35.67,35.47,35.641,ok,1579046400,4600
677,35.74,35.753,35.57,35.57,ok,1579132800,7200
678,35.915,35.93,35.78,35.87,ok,1579219200,9600
679,35.917,36.03,35.82,35.915,ok,1579564800,7900
680,35.963,36.135,35.94,36.135,ok,1579651200,28500
681,35.926,35.98,35.75,35.907,ok,1579737600,8900
682,35.528,36.02,35.429,35.946,ok,1579824000,14300
683,34.985,35.09,34.912,35.05,ok,1580083200,19100
684,35.39,35.4,35.0,35.0,ok,1580169600,11000
685,35.262,35.44,35.21,35.35,ok,1580256000,7300
686,35.115,35.115,34.741,35.03,ok,1580342400,10400
687,34.47,34.825,34.47,34.825,ok,1580428800,23100
688,34.887,34.98,34.791,34.912,ok,1580688000,46200
689,35.55,35.64,35.361,35.42,ok,1580774400,5900
690,35.912,35.917,35.656,35.708,ok,1580860800,7100
691,36.18,36.18,36.01,36.01,ok,1580947200,26500
692,35.959,36.108,35.88,35.88,ok,1581033600,5100
693,36.168,36.21,35.942,35.942,ok,1581292800,14300
694,36.255,36.402,36.207,36.302,ok,1581379200,5100
695,36.67,36.68,36.447,36.61,ok,1581465600,12600
696,36.655,36.805,36.575,36.615,ok,1581552000,26700
697,36.6,36.76,36.48,36.63,ok,1581638400,6800
698,36.716,36.78,36.64,36.64,ok,1581984000,7900
699,36.99,37.07,36.79,36.79,ok,1582070400,8400
700,36.81,37.04,36.47,37.04,ok,1582156800,15800
701,36.345,36.71,36.25,36.68,ok,1582243200,21000
702,35.029,35.32,34.84,35.32,ok,1582502400,32200
703,33.856,35.17,33.68,35.17,ok,1582588800,74400
704,33.759,34.366,33.705,33.9,ok,1582675200,80600
705,32.33,33.5,32.33,32.81,ok,1582761600,105700
706,32.3,32.3,31.0,31.09,ok,1582848000,43100
707,33.45,33.45,32.134,32.426,ok,1583107200,55200
708,32.577,33.865,32.387,33.4,ok,1583193600,9900
709,34.1,34.1,33.12,33.5,ok,1583280000,150000
710,32.827,33.385,32.809,33.358,ok,1583366400,18900
711,32.35,32.35,31.71,31.79,ok,1583452800,8400
712,30.17,31.31,28.501,29.74,ok,1583712000,34000
713,31.379,31.52,30.07,30.87,ok,1583798400,7600
714,30.081,30.759,29.778,30.722,ok,1583884800,7700
715,27.383,28.81,24.14,28.51,ok,1583971200,23800
716,29.85,29.85,27.28,27.77,ok,1584057600,42500
717,26.246,29.249,26.14,29.249,ok,1584316800,76400
718,27.67,28.24,26.045,26.7,ok,1584403200,42400
719,26.176,27.0,24.781,26.22,ok,1584489600,66200
720,26.93,27.501,25.784,25.94,ok,1584576000,41400
721,26.011,27.43,26.011,27.133,ok,1584662400,44700
722,25.48,26.08,24.83,25.85,ok,1584921600,72500
723,27.69,27.69,26.09,26.09,ok,1585008000,34300
724,28.064,29.266,27.531,28.22,ok,1585094400,51500
725,29.53,29.639,28.605,28.605,ok,1585180800,52600
726,28.563,29.33,28.41,28.64,ok,1585267200,33400
727,29.434,29.434,29.02,29.2,ok,1585526400,18700
728,29.214,29.81,28.96,29.736,ok,1585612800,37500
729,27.883,28.364,27.66,28.273,ok,1585699200,17000
730,28.409,28.535,27.764,27.764,ok,1585785600,13500
731,27.888,28.535,27.78,28.49,ok,1585872000,33900
732,30.06,30.06,28.63,28.63,ok,1586131200,12800
733,29.624,30.75,29.624,30.51,ok,1586217600,80500
734,30.85,30.86,30.0,30.31,ok,1586304000,5500
735,30.97,31.25,30.83,30.83,ok,1586390400,85800
736,30.855,30.99,30.422,30.6,ok,1586736000,5900
737,31.942,32.09,31.57,31.89,ok,1586822400,12300
738,31.55,31.81,31.12,31.81,ok,1586908800,32200
739,31.895,32.02,31.49,31.49,ok,1586995200,9400
740,32.285,32.516,31.99,32.516,ok,1587081600,8500
741,31.956,32.42,31.81,32.014,ok,1587340800,11600
742,31.069,31.8,30.843,31.8,ok,1587427200,14000
743,31.562,31.69,31.32,31.58,ok,1587513600,8500
744,31.479,31.999,31.479,31.7,ok,1587600000,10000
745,32.05,32.05,31.37,31.678,ok,1587686400,10600
746,32.42,32.61,32.42,32.49,ok,1587945600,10700
747,32.15,32.63,32.15,32.63,ok,1588032000,27000
748,33.054,33.2,32.81,32.99,ok,1588118400,176300
749,32.845,33.06,32.637,33.06,ok,1588204800,16100
750,31.776,32.135,31.675,32.135,ok,1588291200,5500
751,31.961,32.0,31.714,31.812,ok,1588550400,10600
752,32.369,32.65,32.353,32.45,ok,1588636800,12500
753,32.368,32.67,32.349,32.568,ok,1588723200,63800
754,32.722,32.94,32.66,32.91,ok,1588809600,17600
755,33.277,33.32,33.109,33.109,ok,1588896000,16500
756,33.535,33.639,33.29,33.29,ok,1589155200,7200
757,32.894,33.61,32.894,33.38,ok,1589241600,4000
758,32.293,32.96,32.013,32.96,ok,1589328000,16500
759,32.71,32.71,31.82,31.89,ok,1589414400,3900
760,32.883,32.917,32.21,32.21,ok,1589500800,9800
761,33.76,33.9,33.69,33.69,ok,1589760000,3300
762,33.646,34.06,33.646,33.8,ok,1589846400,12700
763,34.18,34.36,34.1,34.18,ok,1589932800,7400
764,33.955,34.15,33.93,33.943,ok,1590019200,8400
765,34.09,34.136,33.861,33.94,ok,1590105600,4600
766,34.338,34.72,34.338,34.636,ok,1590451200,5500
767,34.755,34.8,34.03,34.335,ok,1590537600,17600
768,34.702,35.22,34.645,34.875,ok,1590624000,43600
769,35.124,35.124,34.45,34.71,ok,1590710400,50700
